{
  "race_by_question_type": {
    "other": {
      "count": 320,
      "pc_acc": 0.2875,
      "tf_acc": 0.25
    },
    "what": {
      "count": 89,
      "pc_acc": 0.19101123595505617,
      "tf_acc": 0.21348314606741572
    },
    "when": {
      "count": 27,
      "pc_acc": 0.2962962962962963,
      "tf_acc": 0.25925925925925924
    },
    "how": {
      "count": 23,
      "pc_acc": 0.34782608695652173,
      "tf_acc": 0.17391304347826086
    },
    "who": {
      "count": 19,
      "pc_acc": 0.21052631578947367,
      "tf_acc": 0.15789473684210525
    },
    "why": {
      "count": 14,
      "pc_acc": 0.14285714285714285,
      "tf_acc": 0.35714285714285715
    },
    "where": {
      "count": 8,
      "pc_acc": 0.25,
      "tf_acc": 0.25
    }
  },
  "race_by_length": {
    "short(<100)": {
      "count": 26,
      "pc_acc": 0.3076923076923077,
      "tf_acc": 0.23076923076923078
    },
    "medium(100-200)": {
      "count": 235,
      "pc_acc": 0.2851063829787234,
      "tf_acc": 0.2978723404255319
    },
    "long(>200)": {
      "count": 239,
      "pc_acc": 0.24267782426778242,
      "tf_acc": 0.18410041841004185
    }
  },
  "squad_by_question_type": {
    "what": {
      "count": 263,
      "pc_f1": 0.555965841720099,
      "tf_f1": 0.5176161983816085
    },
    "other": {
      "count": 95,
      "pc_f1": 0.4745119248170804,
      "tf_f1": 0.44714445264354524
    },
    "how": {
      "count": 46,
      "pc_f1": 0.47339613170570205,
      "tf_f1": 0.49411231884057966
    },
    "when": {
      "count": 35,
      "pc_f1": 0.44312233059221007,
      "tf_f1": 0.46095238095238095
    },
    "who": {
      "count": 34,
      "pc_f1": 0.47058823529411764,
      "tf_f1": 0.3866713352007469
    },
    "where": {
      "count": 21,
      "pc_f1": 0.5303030303030303,
      "tf_f1": 0.48351648351648346
    },
    "why": {
      "count": 6,
      "pc_f1": 0.5238095238095238,
      "tf_f1": 0.6666666666666666
    }
  }
}